feature,mutual_information_nats,support,permutation_p,bh_q
CT__DELETE_NODE_IF_BLOCK,0.0653956197352614,380,0.000999000999000999,0.005265005265005266
CT__INSERT_NODE_IF_BLOCK,0.06420790379707786,377,0.000999000999000999,0.005265005265005266
CT__DELETE_NODE_METHOD_CLASS,0.03482270725926968,251,0.000999000999000999,0.005265005265005266
CT__INSERT_NODE_METHOD_CLASS,0.03482270725926968,251,0.000999000999000999,0.005265005265005266
CT__DELETE_NODE_FIELD_CLASS,0.03247454235886496,218,0.000999000999000999,0.005265005265005266
CT__INSERT_NODE_FIELD_CLASS,0.03247454235886496,218,0.000999000999000999,0.005265005265005266
CT__INSERT_NODE_LOCALVARIABLE_BLOCK,0.02767131745430794,346,0.000999000999000999,0.005265005265005266
CT__DELETE_NODE_LOCALVARIABLE_BLOCK,0.026961260542315735,341,0.000999000999000999,0.005265005265005266
CT__DELETE_NODE_INVOCATION_BLOCK,0.024298806784212618,309,0.000999000999000999,0.005265005265005266
CT__INSERT_NODE_INVOCATION_BLOCK,0.021866757439940668,290,0.000999000999000999,0.005265005265005266
CT__INSERT_NODE_VARIABLEREAD_INVOCATION,0.012727644670212132,160,0.000999000999000999,0.005265005265005266
CT__DELETE_NODE_VARIABLEREAD_INVOCATION,0.011824952580599499,159,0.000999000999000999,0.005265005265005266
CT__DELETE_NODE_ASSIGNMENT_BLOCK,0.008572059094084997,135,0.000999000999000999,0.005265005265005266
CT__INSERT_NODE_ASSIGNMENT_BLOCK,0.008017042727429355,130,0.000999000999000999,0.005265005265005266
CT__DELETE_NODE_PARAMETER_METHOD,0.007492340654026802,54,0.000999000999000999,0.005265005265005266
CT__INSERT_NODE_PARAMETER_METHOD,0.0071978424045837305,53,0.000999000999000999,0.005265005265005266
CT__DELETE_NODE_FIELDREAD_INVOCATION,0.006859070906464537,75,0.000999000999000999,0.005265005265005266
CT__INSERT_NODE_FIELDREAD_INVOCATION,0.006859070906464537,75,0.000999000999000999,0.005265005265005266
CT__DELETE_NODE_ANNOTATION_METHOD,0.005538085059462921,38,0.000999000999000999,0.005265005265005266
CT__INSERT_NODE_ANNOTATION_METHOD,0.005538085059462921,38,0.000999000999000999,0.005265005265005266
CT__INSERT_NODE_INVOCATION_INVOCATION,0.00529567182363945,122,0.000999000999000999,0.005265005265005266
CT__DELETE_NODE_BINARYOPERATOR_IF,0.005262341845079094,92,0.000999000999000999,0.005265005265005266
CT__DELETE_NODE_INVOCATION_LOCALVARIABLE,0.005233707722791709,49,0.000999000999000999,0.005265005265005266
CT__DELETE_NODE_CONSTRUCTOR_CLASS,0.0051440354964975244,23,0.000999000999000999,0.005265005265005266
CT__INSERT_NODE_CONSTRUCTOR_CLASS,0.0051440354964975244,23,0.000999000999000999,0.005265005265005266
CT__INSERT_NODE_VARIABLEREAD_BINARYOPERATOR,0.005089578843484434,30,0.000999000999000999,0.005265005265005266
CT__INSERT_NODE_TRY_BLOCK,0.005057965731191438,65,0.000999000999000999,0.005265005265005266
CT__DELETE_NODE_TRY_BLOCK,0.00482049950612462,64,0.000999000999000999,0.005265005265005266
CT__DELETE_NODE_PARAMETER_CONSTRUCTOR,0.004778315825157049,29,0.000999000999000999,0.005265005265005266
CT__INSERT_NODE_PARAMETER_CONSTRUCTOR,0.004778315825157049,29,0.000999000999000999,0.005265005265005266
CT__DELETE_NODE_BINARYOPERATOR_RETURN,0.004648542836414998,12,0.001998001998001998,0.00885478158205431
CT__DELETE_NODE_VARIABLEREAD_BINARYOPERATOR,0.00447044543852948,28,0.000999000999000999,0.005265005265005266
CT__DELETE_NODE_BLOCK_IF,0.0040458826098618075,58,0.000999000999000999,0.005265005265005266
CT__INSERT_NODE_BINARYOPERATOR_IF,0.00392634891519357,78,0.000999000999000999,0.005265005265005266
CT__INSERT_NODE_BLOCK_IF,0.003597214814731152,56,0.001998001998001998,0.00885478158205431
CT__INSERT_NODE_INVOCATION_RETURN,0.0035899945667251937,37,0.001998001998001998,0.00885478158205431
CT__DELETE_NODE_INVOCATION_CONSTRUCTORCALL,0.0034159947769553858,14,0.001998001998001998,0.00885478158205431
CT__INSERT_NODE_INVOCATION_CONSTRUCTORCALL,0.0034159947769553858,14,0.001998001998001998,0.00885478158205431
CT__MOVE_TREE_LITERAL_FIELD,0.0034159947769553858,14,0.001998001998001998,0.00885478158205431
CT__DELETE_NODE_INVOCATION_RETURN,0.0033871728488215277,39,0.002997002997002997,0.012434374136501796
CT__INSERT_NODE_INVOCATION_LOCALVARIABLE,0.003352671323006942,47,0.000999000999000999,0.005265005265005266
CT__MOVE_TREE_INVOCATION_LOCALVARIABLE,0.0032170060413278384,170,0.002997002997002997,0.012434374136501796
CT__DELETE_NODE_INVOCATION_INVOCATION,0.0031713232197724955,103,0.000999000999000999,0.005265005265005266
CT__DELETE_NODE_CATCH_TRY,0.003038865703495182,20,0.001998001998001998,0.00885478158205431
CT__DELETE_NODE_FIELDREAD_CONSTRUCTORCALL,0.002727324825939855,12,0.000999000999000999,0.005265005265005266
CT__INSERT_NODE_FIELDREAD_CONSTRUCTORCALL,0.002727324825939855,12,0.000999000999000999,0.005265005265005266
CT__INSERT_NODE_CATCH_TRY,0.0024510551919287374,18,0.002997002997002997,0.012434374136501796
CT__MOVE_TREE_BINARYOPERATOR_LOCALVARIABLE,0.002219387722136288,14,0.023976023976023976,0.0899100899100899
CT__DELETE_NODE_INVOCATION_ASSIGNMENT,0.00188238496866008,35,0.01098901098901099,0.04373177842565598
CT__MOVE_TREE_INVOCATION_BINARYOPERATOR,0.001757886494032579,89,0.014985014985014986,0.05844155844155845
CT__DELETE_NODE_INVOCATION_BINARYOPERATOR,0.0017063182548766528,29,0.029970029970029972,0.10822510822510824
CT__DELETE_NODE_CLASS_CLASS,0.001629003811733397,12,0.04095904095904096,0.14012303485987695
CT__INSERT_NODE_CLASS_CLASS,0.001629003811733397,12,0.04095904095904096,0.14012303485987695
CT__MOVE_TREE_LITERAL_LOCALVARIABLE,0.001629003811733397,12,0.03196803196803197,0.11334120425029516
CT__INSERT_NODE_BINARYOPERATOR_BINARYOPERATOR,0.0014901007304682391,33,0.024975024975024976,0.09188924283263905
CT__DELETE_NODE_ANONYMOUSEXECUTABLE_CLASS,0.0014077499680281071,17,0.04595404595404595,0.14690227804981904
CT__INSERT_NODE_ANONYMOUSEXECUTABLE_CLASS,0.0014077499680281071,17,0.04595404595404595,0.14690227804981904
CT__DELETE_NODE_TYPEREFERENCE_METHOD,0.001347495387259182,11,0.04195804195804196,0.14106583072100312
CT__DELETE_NODE_INVOCATION_IF,0.00132727123000825,22,0.05194805194805195,0.16338500209467954
CT__DELETE_NODE_THROW_BLOCK,0.0011208124305144666,21,0.07492507492507493,0.22136953955135774
CT__DELETE_NODE_VARIABLEREAD_CONSTRUCTORCALL,0.001113451068743547,13,0.060939060939060936,0.18567370129870128
CT__INSERT_NODE_VARIABLEREAD_CONSTRUCTORCALL,0.001113451068743547,13,0.060939060939060936,0.18567370129870128
CT__MOVE_TREE_UNARYOPERATOR_IF,0.001113451068743547,13,0.0919080919080919,0.2597402597402597
CT__DELETE_NODE_BINARYOPERATOR_LOCALVARIABLE,0.0010775943844294825,10,0.11488511488511488,0.3155295408816535
CT__MOVE_TREE_BINARYOPERATOR_IF,0.0010388337299025927,63,0.04495504495504495,0.14690227804981904
CT__MOVE_TREE_WRAPPER_FIELD,0.0010341859876139003,18,0.007992007992007992,0.03246753246753247
CT__MOVE_TREE_UNARYOPERATOR_BINARYOPERATOR,0.0009522920236777008,15,0.07192807192807193,0.2157842157842158
CT__DELETE_NODE_VARIABLEREAD_RETURN,0.0009252810795936442,20,0.12887112887112886,0.33959283959283953
CT__INSERT_NODE_THROW_BLOCK,0.0009252810795936442,20,0.10989010989010989,0.3061224489795918
CT__INSERT_NODE_VARIABLEREAD_RETURN,0.0009252810795936442,20,0.12887112887112886,0.33959283959283953
CT__MOVE_TREE_VARIABLEREAD_BINARYOPERATOR,0.0008995251125026582,73,0.02197802197802198,0.08403361344537817
CT__INSERT_NODE_INVOCATION_ASSIGNMENT,0.0008631589908246994,27,0.12887112887112886,0.33959283959283953
CT__MOVE_TREE_CONSTRUCTORCALL_INVOCATION,0.0007659792474732467,24,0.08591408591408592,0.2463712757830405
CT__DELETE_NODE_VARIABLEREAD_ASSIGNMENT,0.000744369295197559,14,0.18581418581418582,0.4473304473304473
CT__INSERT_NODE_INVOCATION_IF,0.000744369295197559,14,0.18281718281718282,0.4473304473304473
CT__INSERT_NODE_VARIABLEREAD_ASSIGNMENT,0.000744369295197559,14,0.18581418581418582,0.4473304473304473
CT__INSERT_NODE_INVOCATION_BINARYOPERATOR,0.0006546254173776002,28,0.19880119880119881,0.4615027829313544
CT__INSERT_NODE_FOREACH_BLOCK,0.0005725843156121242,18,0.24175824175824176,0.5324675324675325
CT__DELETE_NODE_WRAPPER_METHOD,0.0005527103176104272,13,0.24575424575424576,0.5324675324675325
CT__INSERT_NODE_WRAPPER_METHOD,0.0005527103176104272,13,0.24575424575424576,0.5324675324675325
CT__INSERT_NODE_VIRTUALELEMENT_LOCALVARIABLE,0.0005139791903527625,20,0.24575424575424576,0.5324675324675325
CT__MOVE_TREE_CONSTRUCTORCALL_LOCALVARIABLE,0.00046650394933294564,22,0.2727272727272727,0.5539772727272727
CT__INSERT_NODE_BINARYOPERATOR_INVOCATION,0.00045108176008633316,31,0.2647352647352647,0.5491848576954959
CT__MOVE_TREE_INVOCATION_RETURN,0.00043997538169555234,53,0.24375624375624375,0.5324675324675325
CT__DELETE_NODE_VIRTUALELEMENT_METHOD,0.00042723092237786225,24,0.3166833166833167,0.6301351709514974
CT__MOVE_TREE_INVOCATION_IF,0.00041689530581754536,44,0.25674325674325676,0.5404273146208629
CT__DELETE_NODE_FOREACH_BLOCK,0.0003741563381021752,19,0.36063936063936064,0.6894576012223071
CT__DELETE_NODE_VIRTUALELEMENT_LOCALVARIABLE,0.0003741563381021752,19,0.34765234765234765,0.6731387424456732
CT__MOVE_TREE_ANNOTATION_METHOD,0.0003741563381021752,19,0.13386613386613386,0.34347231715652765
CT__MOVE_TREE_TYPEREFERENCE_FIELD,0.00034162759818521377,30,0.1928071928071928,0.45767485526521673
CT__DELETE_NODE_LITERAL_BINARYOPERATOR,0.00032477918804852887,14,0.37362637362637363,0.7073509015256588
CT__MOVE_TREE_INVOCATION_UNARYOPERATOR,0.00032477918804852887,14,0.44255744255744256,0.8055458055458056
CT__MOVE_TREE_TYPEREFERENCE_PARAMETER,0.00032477918804852887,14,0.45354645354645357,0.8055458055458056
CT__UPDATE_NODE_INVOCATION_INVOCATION,0.00032093208297306886,161,0.13386613386613386,0.34347231715652765
CT__MOVE_TREE_BLOCK_IF,0.0002850704161420428,36,0.17782217782217782,0.44455544455544455
CT__UPDATE_NODE_BINARYOPERATOR_BINARYOPERATOR,0.00026290557187347297,27,0.2707292707292707,0.5539772727272727
CT__MOVE_TREE_LITERAL_INVOCATION,0.000258010861244079,72,0.23776223776223776,0.5324675324675325
CT__MOVE_TREE_INVOCATION_ASSIGNMENT,0.0002474882907439607,57,0.4195804195804196,0.7792207792207791
CT__DELETE_NODE_BINARYOPERATOR_INVOCATION,0.0002448620475599475,29,0.44655344655344653,0.8055458055458056
CT__MOVE_TREE_VARIABLEREAD_CONDITIONAL,0.0002318340719309718,11,0.5294705294705294,0.8558654460293804
CT__MOVE_TREE_FIELDREAD_INVOCATION,0.00020843197690319226,90,0.3246753246753247,0.6395120031483668
CT__MOVE_TREE_VARIABLEREAD_CONSTRUCTORCALL,0.00020325798207239398,35,0.48151848151848153,0.82365003417635
CT__DELETE_NODE_LITERAL_LOCALVARIABLE,0.0001956699696765568,13,0.5544455544455544,0.8649350649350649
CT__INSERT_NODE_LITERAL_BINARYOPERATOR,0.0001956699696765568,13,0.5324675324675324,0.8558654460293804
CT__INSERT_NODE_LITERAL_LOCALVARIABLE,0.0001956699696765568,13,0.5544455544455544,0.8649350649350649
CT__UPDATE_NODE_METHOD_CLASS,0.00018512652337007718,77,0.07992007992007992,0.23260321767784453
CT__MOVE_TREE_INVOCATION_CONSTRUCTORCALL,0.0001693862851395965,15,0.5854145854145855,0.8988649146129462
CT__MOVE_TREE_VARIABLEREAD_ASSIGNMENT,0.0001693862851395965,15,0.6273726273726273,0.9338752850203231
CT__UPDATE_NODE_INVOCATION_LOCALVARIABLE,0.0001641302591141175,116,0.17382617382617382,0.4402091415078428
CT__UPDATE_NODE_INVOCATION_IF,0.00016196546269384854,28,0.34865134865134867,0.6731387424456732
CT__MOVE_TREE_BINARYOPERATOR_BINARYOPERATOR,0.00015786964347373755,91,0.43956043956043955,0.8055458055458056
CT__DELETE_NODE_LITERAL_INVOCATION,0.00015320082208693242,68,0.5414585414585414,0.8584098828001266
CT__DELETE_NODE_CASE_SWITCH,0.00014940148247784626,17,0.5974025974025974,0.9030504379341588
CT__INSERT_NODE_CASE_SWITCH,0.00014940148247784626,17,0.5974025974025974,0.9030504379341588
CT__MOVE_TREE_VARIABLEREAD_INVOCATION,0.0001444845818251994,275,0.25774225774225773,0.5404273146208629
CT__MOVE_TREE_INVOCATION_INVOCATION,0.00014077754041730284,226,0.4565434565434565,0.8055458055458056
CT__MOVE_TREE_TYPEREFERENCE_LOCALVARIABLE,0.00012665884967842655,115,0.2947052947052947,0.5924487883250771
CT__MOVE_TREE_BINARYOPERATOR_RETURN,0.00011261051388860438,10,0.7482517482517482,1.0
CT__INSERT_NODE_LITERAL_INVOCATION,0.00011107382132589938,65,0.6173826173826173,0.926073926073926
CT__MOVE_TREE_FIELDREAD_BINARYOPERATOR,9.430047026072474e-05,27,0.6743256743256744,0.9886729811541841
CT__DELETE_NODE_UNARYOPERATOR_IF,9.375238925620963e-05,12,0.7742257742257742,1.0
CT__MOVE_TREE_INVOCATION_CONDITIONAL,9.375238925620963e-05,12,0.7632367632367633,1.0
CT__UPDATE_NODE_FIELDREAD_CONSTRUCTORCALL,9.375238925620963e-05,12,0.5054945054945055,0.8283313325330132
CT__UPDATE_NODE_INVOCATION_BINARYOPERATOR,9.162834711399365e-05,50,0.5354645354645354,0.8558654460293804
CT__MOVE_TREE_ASSIGNMENT_BLOCK,8.050869594702914e-05,91,0.19480519480519481,0.45767485526521673
CT__UPDATE_NODE_FIELDREAD_BINARYOPERATOR,8.034935400415624e-05,14,0.5014985014985015,0.8283313325330132
CT__UPDATE_NODE_INVOCATION_CONSTRUCTORCALL,8.034935400415624e-05,14,0.6343656343656343,0.9371310507674143
CT__DELETE_NODE_WRAPPER_FIELD,7.032809078318103e-05,16,0.7812187812187812,1.0
CT__INSERT_NODE_WRAPPER_FIELD,7.032809078318103e-05,16,0.7812187812187812,1.0
CT__MOVE_TREE_TRY_BLOCK,6.913826497381703e-05,37,0.45854145854145856,0.8055458055458056
CT__MOVE_TREE_IF_BLOCK,6.718383307008358e-05,164,0.4155844155844156,0.7792207792207791
CT__MOVE_TREE_LOCALVARIABLE_BLOCK,5.9477803784263594e-05,188,0.25574425574425574,0.5404273146208629
CT__UPDATE_NODE_INVOCATION_BLOCK,5.2161295266389684e-05,145,0.5054945054945055,0.8283313325330132
CT__UPDATE_NODE_INVOCATION_RETURN,5.053509213215346e-05,51,0.5664335664335665,0.8766233766233766
CT__MOVE_TREE_TYPEACCESS_THISACCESS,3.3966136239876876e-05,77,0.46653346653346656,0.8085277554304102
CT__UPDATE_NODE_BINARYOPERATOR_IF,3.3365565709313205e-05,34,0.7192807192807192,1.0
CT__UPDATE_NODE_CLASS_NEWCLASS,2.991783579955193e-05,38,0.5004995004995005,0.8283313325330132
CT__UPDATE_NODE_TYPEREFERENCE_METHOD,2.991783579955193e-05,38,0.46853146853146854,0.8085277554304102
CT__MOVE_TREE_PARAMETER_METHOD,2.7127927134988628e-05,42,0.6923076923076923,1.0
CT__UPDATE_NODE_INVOCATION_ASSIGNMENT,2.5923504948614784e-05,44,0.7992007992007992,1.0
CT__MOVE_TREE_BINARYOPERATOR_CONDITIONAL,2.547116878443695e-05,11,1.0,1.0
CT__MOVE_TREE_FOREACH_BLOCK,2.547116878443695e-05,11,1.0,1.0
CT__UPDATE_NODE_PARAMETER_CONSTRUCTOR,2.547116878443695e-05,11,1.0,1.0
CT__DELETE_NODE_RETURN_BLOCK,2.203364979230099e-05,52,0.8631368631368631,1.0
CT__MOVE_TREE_LITERAL_BINARYOPERATOR,2.203364979230099e-05,52,0.8441558441558441,1.0
CT__MOVE_TREE_VIRTUALELEMENT_METHOD,2.203364979230099e-05,52,0.7982017982017982,1.0
CT__INSERT_NODE_TYPEACCESS_THISACCESS,2.156822641536174e-05,13,1.0,1.0
CT__MOVE_TREE_VARIABLEREAD_RETURN,2.156822641536174e-05,13,1.0,1.0
CT__UPDATE_NODE_LOCALVARIABLE_BLOCK,1.9261988230948046e-05,141,0.5014985014985015,0.8283313325330132
CT__DELETE_NODE_BINARYOPERATOR_BINARYOPERATOR,1.8708840352321676e-05,15,1.0,1.0
CT__DELETE_NODE_TYPEACCESS_INVOCATION,1.8708840352321676e-05,15,1.0,1.0
CT__DELETE_NODE_TYPEACCESS_THISACCESS,1.8708840352321676e-05,15,1.0,1.0
CT__INSERT_NODE_TYPEACCESS_INVOCATION,1.8708840352321676e-05,15,1.0,1.0
CT__UPDATE_NODE_CONSTRUCTORCALL_INVOCATION,1.8708840352321676e-05,15,1.0,1.0
CT__UPDATE_NODE_TYPEREFERENCE_TYPEREFERENCE,1.8708840352321676e-05,15,1.0,1.0
CT__UPDATE_NODE_TYPEREFERENCE_CLASS,1.6523632479507194e-05,17,1.0,1.0
CT__INSERT_NODE_VIRTUALELEMENT_METHOD,1.340372825600969e-05,21,1.0,1.0
CT__MOVE_TREE_BINARYOPERATOR_INVOCATION,1.340372825600969e-05,21,1.0,1.0
CT__UPDATE_NODE_LAMBDA_INVOCATION,1.2251209621758768e-05,23,1.0,1.0
CT__MOVE_TREE_FIELD_CLASS,8.585718025214129e-06,33,1.0,1.0
CT__UPDATE_NODE_TYPEREFERENCE_FIELD,7.674687862321838e-06,37,1.0,1.0
CT__MOVE_TREE_TYPEREFERENCE_METHOD,6.626171095078237e-06,43,1.0,1.0
CT__MOVE_TREE_TYPEACCESS_INVOCATION,6.076002109611789e-06,47,1.0,1.0
CT__INSERT_NODE_RETURN_BLOCK,5.834631663974299e-06,49,1.0,1.0
CT__MOVE_TREE_INVOCATION_BLOCK,5.672602021722373e-06,224,0.8801198801198801,1.0
CT__UPDATE_NODE_TYPEREFERENCE_PARAMETER,4.873472553790226e-06,59,1.0,1.0
CT__UPDATE_NODE_PARAMETER_METHOD,4.719099623740064e-06,61,1.0,1.0
CT__UPDATE_NODE_FIELD_CLASS,4.438892215630208e-06,65,1.0,1.0
CT__MOVE_TREE_RETURN_BLOCK,4.311353757072145e-06,67,1.0,1.0
CT__UPDATE_NODE_TYPEREFERENCE_LOCALVARIABLE,3.090575439554377e-06,95,1.0,1.0
CT__UPDATE_NODE_LITERAL_INVOCATION,2.356101556480472e-06,127,1.0,1.0
CT__UPDATE_NODE_VARIABLEREAD_INVOCATION,7.771561172376096e-16,90,1.0,1.0
CT__UPDATE_NODE_TYPEACCESS_INVOCATION,0.0,88,1.0,1.0
CT__UPDATE_NODE_FIELDREAD_INVOCATION,0.0,82,1.0,1.0
CT__UPDATE_NODE_CONSTRUCTORCALL_LOCALVARIABLE,0.0,54,1.0,1.0
CT__UPDATE_NODE_LITERAL_BINARYOPERATOR,0.0,54,1.0,1.0
CT__UPDATE_NODE_TYPEACCESS_FIELDREAD,0.0,40,1.0,1.0
CT__UPDATE_NODE_VARIABLEREAD_BINARYOPERATOR,0.0,38,1.0,1.0
CT__MOVE_TREE_METHOD_CLASS,0.0,36,1.0,1.0
CT__UPDATE_NODE_INVOCATION_UNARYOPERATOR,0.0,36,1.0,1.0
CT__UPDATE_NODE_CONSTRUCTORCALL_ASSIGNMENT,0.0,28,1.0,1.0
CT__UPDATE_NODE_CONSTRUCTORCALL_THROW,0.0,26,1.0,1.0
CT__UPDATE_NODE_FIELDWRITE_ASSIGNMENT,0.0,24,1.0,1.0
CT__UPDATE_NODE_TYPEACCESS_THISACCESS,0.0,24,1.0,1.0
CT__UPDATE_NODE_WRAPPER_METHOD,0.0,24,1.0,1.0
CT__UPDATE_NODE_TYPEREFERENCE_CATCHVARIABLE,0.0,20,1.0,1.0
CT__MOVE_TREE_VARIABLEWRITE_ASSIGNMENT,0.0,16,1.0,1.0
CT__UPDATE_NODE_CONSTRUCTORCALL_RETURN,0.0,16,1.0,1.0
CT__UPDATE_NODE_LITERAL_FIELD,0.0,16,1.0,1.0
CT__INSERT_NODE_UNARYOPERATOR_IF,0.0,12,1.0,1.0
CT__MOVE_TREE_CASE_SWITCH,0.0,10,1.0,1.0
CT__UPDATE_NODE_LITERAL_CONSTRUCTORCALL,0.0,10,1.0,1.0
CT__UPDATE_NODE_LITERAL_RETURN,0.0,10,1.0,1.0
CT__UPDATE_NODE_VARIABLEWRITE_ASSIGNMENT,0.0,10,1.0,1.0
CT__UPDATE_NODE_WRAPPER_ANNOTATION,0.0,10,1.0,1.0
